Account,Campaign,Keyword,Match Type
675-556-7629,Search - Gia dung Nhat (Ban hang),cũ,Phrase
675-556-7629,Search - Gia dung Nhat (Ban hang),bãi,Phrase
675-556-7629,Search - Gia dung Nhat (Ban hang),hàng bãi,Phrase
675-556-7629,Search - Gia dung Nhat (Ban hang),thanh lý,Phrase
675-556-7629,Search - Gia dung Nhat (Ban hang),qua sử dụng,Phrase
675-556-7629,Search - Gia dung Nhat (Ban hang),second hand,Phrase
675-556-7629,Search - Gia dung Nhat (Ban hang),đã qua sử dụng,Phrase
675-556-7629,Search - Gia dung Nhat (Ban hang),sửa,Phrase
675-556-7629,Search - Gia dung Nhat (Ban hang),sửa chữa,Phrase
675-556-7629,Search - Gia dung Nhat (Ban hang),lỗi,Phrase
675-556-7629,Search - Gia dung Nhat (Ban hang),review,Phrase
675-556-7629,Search - Gia dung Nhat (Ban hang),đánh giá,Phrase
675-556-7629,Search - Gia dung Nhat (Ban hang),có tốt không,Phrase
675-556-7629,Search - Gia dung Nhat (Ban hang),là gì,Phrase
675-556-7629,Search - Gia dung Nhat (Ban hang),cách dùng,Phrase
675-556-7629,Search - Gia dung Nhat (Ban hang),hướng dẫn sử dụng,Phrase
675-556-7629,Search - Gia dung Nhat (Ban hang),thông số kỹ thuật,Phrase
675-556-7629,Search - Gia dung Nhat (Ban hang),tuyển dụng,Phrase
675-556-7629,Search - Gia dung Nhat (Ban hang),việc làm,Phrase
675-556-7629,Search - Gia dung Nhat (Ban hang),nội địa trung,Phrase
675-556-7629,Search - Gia dung Nhat (Ban hang),trung quốc,Phrase
675-556-7629,Search - Gia dung Nhat (Ban hang),hàng tàu,Phrase
675-556-7629,Search - Gia dung Nhat (Ban hang),mini,Phrase
675-556-7629,Search - Gia dung Nhat (Ban hang),thuê,Phrase
675-556-7629,Search - Gia dung Nhat (Ban hang),cho thuê,Phrase
675-556-7629,Search - Gia dung Nhat (Ban hang),fake,Phrase
675-556-7629,Search - Gia dung Nhat (Ban hang),nhái,Phrase
675-556-7629,Search - Gia dung Nhat (Ban hang),replica,Phrase
675-556-7629,Search - Gia dung Nhat (Ban hang),giá rẻ nhất thị trường,Phrase
675-556-7629,Search - Gia dung Nhat (Ban hang),siêu rẻ,Phrase
675-556-7629,Search - Gia dung Nhat (Ban hang),0 đồng,Phrase
675-556-7629,Search - Gia dung Nhat (Ban hang),miễn phí,Phrase
