Campaign,Keyword,Match Type
Search - Gia dung Nhat (Ban hang),cũ,Phrase
Search - Gia dung Nhat (Ban hang),bãi,Phrase
Search - Gia dung Nhat (Ban hang),hàng bãi,Phrase
Search - Gia dung Nhat (Ban hang),thanh lý,Phrase
Search - Gia dung Nhat (Ban hang),qua sử dụng,Phrase
Search - Gia dung Nhat (Ban hang),second hand,Phrase
Search - Gia dung Nhat (Ban hang),đã qua sử dụng,Phrase
Search - Gia dung Nhat (Ban hang),sửa,Phrase
Search - Gia dung Nhat (Ban hang),sửa chữa,Phrase
Search - Gia dung Nhat (Ban hang),lỗi,Phrase
Search - Gia dung Nhat (Ban hang),review,Phrase
Search - Gia dung Nhat (Ban hang),đánh giá,Phrase
Search - Gia dung Nhat (Ban hang),có tốt không,Phrase
Search - Gia dung Nhat (Ban hang),là gì,Phrase
Search - Gia dung Nhat (Ban hang),cách dùng,Phrase
Search - Gia dung Nhat (Ban hang),hướng dẫn sử dụng,Phrase
Search - Gia dung Nhat (Ban hang),thông số kỹ thuật,Phrase
Search - Gia dung Nhat (Ban hang),tuyển dụng,Phrase
Search - Gia dung Nhat (Ban hang),việc làm,Phrase
Search - Gia dung Nhat (Ban hang),nội địa trung,Phrase
Search - Gia dung Nhat (Ban hang),trung quốc,Phrase
Search - Gia dung Nhat (Ban hang),hàng tàu,Phrase
Search - Gia dung Nhat (Ban hang),mini,Phrase
Search - Gia dung Nhat (Ban hang),thuê,Phrase
Search - Gia dung Nhat (Ban hang),cho thuê,Phrase
Search - Gia dung Nhat (Ban hang),fake,Phrase
Search - Gia dung Nhat (Ban hang),nhái,Phrase
Search - Gia dung Nhat (Ban hang),replica,Phrase
Search - Gia dung Nhat (Ban hang),giá rẻ nhất thị trường,Phrase
Search - Gia dung Nhat (Ban hang),siêu rẻ,Phrase
Search - Gia dung Nhat (Ban hang),0 đồng,Phrase
Search - Gia dung Nhat (Ban hang),miễn phí,Phrase
